Name	Review URL	Strasse	Postleitzahl	Stadtbezirk	lat	long	BVG/Anfahrt	Telefon	Mo	Di	Mi	Do	Fr	Sa	So	Oeffnungszeiten Kommentar	Website	E-Mail	veganfreundlich	Restaurant rollstuhlgeeignet	WC rollstuhlgeignet	Hunde	Kindersitz	Catering	Lieferservice	bio	Sitzplaetze innen	Sitzplaetze aussen	Kurzbeschreibung (deutsch)	Kurzbeschreibung (englisch)	Tags (bitte nur Imbiss, Cafe, Restaurant und Eiscafe verwenden)	Glutenfrei	WLAN	Aktualisiert am
Süsse Marie Veganerie		Rüppurerstraße 106	76137	Südstadt	48.996062	8.408786	S Tivoli	0721 97676955	14:00 - 22:00	-	14:00 - 22:00	14:00 - 22:00	14:00 - 22:00 	14:00 - 22:00	14:00 - 22:00		www.suesse-marie.de	info@suessemarie.de					1				1				Restaurant, Café		1	28.12.17
My Heart Beats Vegan		Kriegsstraße 94	76133	Innenstadt	49.005798	8.406673	Bus Ettliger Tor	0721 97667731	-	11:30 - 22:00	11:30 - 22:00	11:30 - 22:00	11:30  -22:00	11:30 - 22:00	11:30 - 22:00		www.mhbv.de						1			1	1	1			Restaurant	1	1	28.12.17
FreshSub Filiale Karlsruhe		Kaiserpassage 4	76133	Innenstadt	49.010351	8.397204	S Europaplatz	0721 8248888	11:30 - 20:30	11:30 - 20:30	11:30 - 20:30	11:30 - 20:30 	11:30 - 05:30	11:30 - 05:30	-		www.freshsub.de			2	0	0	0	1	1	1	1	1	Salate, Focaccia, Sandwiches (mit Kichererbsenbällchen und Hummus). Eier und Fleisch sind Bio		Imbiss			28.12.17
THE BLACK DOG - HOTDOGS 		Kaiserstraße 132 im Passagehof	76133	Innenstadt	49.010520	8.396302	S Europaplatz	0721 66996980	11:30 - 21:00	11:30 - 21:00	11:30 - 21:00	11:30 - 21:00	11:30 - 03:30	11:30 - 03:30	-		www.theblackdog-hotdogs.de	info@theblackdog-hotdogs.de		2	0		0	1	1	0	1		Hat unter anderem vegane Hotdogs. Vegane Hotdogs kosten 1€ mehr. Mittwochs ist alles vegane 20% reduziert.		Imbiss			28.12.17
Cafelinchen		Akademienstraße 48	76133	Innenstadt	49.010952	8.392964	S Europaplatz	0721 60994622	11:00 - 18:00	11:00 - 18:00	-	11:00 - 18:00	11:00 - 18:00	11:00 - 18:00	-		www.cafelinchen.de	webmaster@cafelinchen.de									1	1			Café			28.12.17
Euphrat		Hirschstraße 28	76133		49.008361	8.391466	S Europaplatz	0721 28681																			1				Imbiss			28.12.17
Jaroon's American Diner		Brauerstraße 40	76135		49.000670	8.385601	S ZKM	0721 8198787	11:00 - 00:00	11:00 - 00:00	11:00 - 00:00	11:00 - 00:00	11:00 - 00:00	12:00 - 01:00	12:00 - 01:00		www.jaroons.de	mail@jaroons.de									1				Restaurant			28.12.17
Meydan		Werderstraße 41	76137	Südstadt	49.001670	8.407119	S Werderstraße / Kongresszentrum	0721 60902056	11:00 - 22:00	11:00 - 22:00	11:00 - 22:00	11:00 - 22:00	11:00 - 22:00	11:00 - 22:00	12:00 - 22:00												1	1			Imbiss		1	28.12.17
Café Kongress		Ettlingerstraße 11a	76137	Südstadt	49.001712	8.403419	Bus Kongresszentrum																				1	1			Café			28.12.17
MIU MIU China & Thai Food		Waldstraße 66 	76133		49.00682	8.391987	S Karlstor	0721 205584	11:00 - 22:00	11:00 - 22:00	11:00 - 22:00	11:00 - 22:00	11:00 - 22:00	11:00 - 22:00	11:00 - 22:00	Bestellannahme ab 10:30	miu-miu.asia	karlsruhe@miu-miu-china-food.de			0		1		1		1	0	1 - Gebratener Tofu mit Mango Curry mit Gemüse und Reis. 2 - Curry mit Gemüse und Reis (scharf). 3 - Gebratene Reißnudeln mit Gemüse (glutenfrei)		Restaurant	1		01.01.18
MIU MIU China & Thai Food		Ritterstraße 10	76133	Innenstadt	49.009367	8.400732	S Herrenstraße	0721 85140358	11:00 - 22:30	11:00 - 22:30	11:00 - 22:30	11:00 - 22:30	11:00 - 22:30	11:00 - 22:30	11:00 - 22:30	Bestellannahme ab 10:30	miu-miu.asia	ritterstrka@miu-miu-china-food.de							1		1				Restaurant			01.01.18
Döneria		Kaiserallee 145	76185	Innenstadt	49.011163	8.365933	S Philippstraße	0721 5310808	12.00 - 21:30	12.00 - 21:30	12.00 - 21:30	12.00 - 21:30	12.00 - 21:30	12.00 - 21:30	12.00 - 21:30		www.doeneria-karlsruhe.de								1						Imbiss			01.01.18
El Taquito		Waldstraße 24 - 26 (Lindencarré)	76133		49.010774	8.397512	S Europaplatz, S Herrenstraße	0721 23881	11:30 - 01:00	11:30 - 01:00	11:30 - 01:00	11:30 - 01:00	11:30 - 01:00	11:30 - 01:00	11:30 - 23:00		www.el-taquito.de	kontakt@el-taquito.de					1								Restaurant			01.01.18
!!ACHAT Plaza Hotel		Mendelssohnplatz	76131		49.005438	8.410012	S Rüppurrer Tor	0721 37170									www.achat-hotels.com	karlsruhe-plaza@achat-hotels.com													Restaurant			01.01.18
!!Akoya Grill&Sushi		Ludwig-Erhard-Allee 8	76131		49.004491	8.417369	S Ostendstraße	0721 85148888	11:30 - 15:00, 17:30 - 23:30	11:30 - 15:00, 17:30 - 23:30	11:30 - 15:00, 17:30 - 23:30	11:30 - 15:00, 17:30 - 23:30	11:30 - 15:00, 17:30 - 23:30	11:30 - 15:00, 17:30 - 23:30	12:30 - 23:00		www.akoya-lz.de														Restaurant			01.01.18
ALEX Karlsruhe		Kaiserstraße 217	76133		49.009008	8.394122	S Europaplatz		08:00 - 00:00	08:00 - 00:00	08:00 - 00:00	08:00 - 00:00	08:00 - 01:00	08:00 - 01:00	09:00 - 00:00		www.dein-alex.de										1		Süßkartoffel-Kichererbsen-Curry		Restaurant			01.01.18
Aposto Karlsruhe		Waldstraße 57	76133		49.008767	8.396328	S Europaplatz	0721 1607773	08:30 - 01:00	08:30 - 01:00	08:30 - 01:00	08:30 - 01:00	08:30 - 02:00	08:30 - 02:00	08:30 - 01:00		www.karlsruhe.aposto.eu														Restaurant			01.01.18
!!Gelateria Arte Dolce		Kaiserallee 51	76133		49.010592	8.377561	S Yorkstraße	0721 66982000	10:00 - 22:00	10:00 - 22:00	10:00 - 22:00	10:00 - 22:00	10:00 - 22:00	10:00 - 22:00	10:00 - 22:00		www.arte-dolce.de													!	Eiscafé			01.01.18
Asmara		Kaiserallee 9	76133		49.010189	8.385531	S Mühlburger Tor	0721 2049828	-	12:00 - 14:00, 17:00 - 22:30	12:00 - 14:00, 17:00 - 22:30	12:00 - 14:00, 17:00 - 22:30 	12:00 - 14:00, 17:00 - 23:30	17:00 - 23:30 	17:00 - 22:30		www.asmara-ka.de	info@asmara-ka.de													Restaurant			03.01.18
Backwerk		Kreuzstraße 9	76133	Innenstadt	49.009391	8.405517	S Marktplatz	0721 35489990	06:00 - 19:30	06:00 - 19:30	06:00 - 19:30	06:00 - 19:30	06:00 - 19:30	06:00 - 19:00	10:00 - 13:00		www.back-werk.de														Imbiss			03.01.18
Bep Xua – Vietnamesische Küche		Kriegsstraße 206	76135		49.005587	8.385021	S Otto-Sachs-Straße	0721 83168008	-	12:00 - 14:30, 18:00 - 22:30	12:00 - 14:30, 18:00 - 22:30	12:00 - 14:30, 18:00 - 22:30	12:00 - 14:30, 18:00 - 22:30	18:00 - 22:30	18:00 - 22:30		www.bepxua.de														Restaurant			03.01.18
!!Bratar		Erbprinzenstraße 27	76133		49.008743	8.397050	S Europaplatz  S Herrenstraße	0721 98230230	11:00 - 23:00	11:00 - 23:00	11:00 - 23:00	11:00 - 23:00	11:00 - 24:00	11:00 - 24:00	11:00 - 23:00		www.bratar.de	info@bratar.de													Restaurant			03.01.18
!!Bratar		Ettlinger-Tor-Platz	76133		49.006873	8.403158	Bus Ettlinger Tor	0721 68028510	10:00 - 23:00	10:00 - 23:00	10:00 - 23:00	10:00 - 23:00	10:00 - 24:00	10:00 - 24:00	10:00 - 23:00		www.bratar.de	info@bratar.de				1							Vegane Burgen zum selbst zusammenstellen. Salate und andere Beilagen wie Pommes sind auch vegan. Vegane Karte muss verlangt werden.		Restaurant			03.01.18
!!BARCO im K.		Ettlinger-Tor-Platz 1a	76137	Südstadt	49.005208	8.404408	Bus Ettlinger Tor	0721 046714608	10:00 - 00:00	10:00 - 00:00	10:00 - 00:00	10:00 - 00:00	10:00 - 00:00	10:00 - 00:00	10:00 - 00:00		burning-house.de/barco/start.php	veranstaltung@barco-im-k.de													Restaurant			03.01.18
Backwerk		Kaiserstraße 22	76133	Innenstadt	49.009501	8.409582	S Kronenplatz	0721 91588840	05:30 - 20:00	05:30 - 20:00	05:30 - 20:00	05:30 - 20:00	05:30 - 20:00	06:00 - 19:00	-		www.back-werk.de														Imbiss			03.01.18
Backwerk		Shop Gleis 7/8, Bahnhofsplatz 1	76137		48.993184	8.400871	S Hauptbahnhof		00:00 - 23:59	00:00 - 23:59	00:00 - 23:59	00:00 - 23:59	00:00 - 23:59	00:00 - 23:59	00:00 - 23:59		www.back-werk.de														Imbiss			03.01.18
Carls Wirtshaus		Alter Schlachthof 51	76131		49.005521	8.431567	S Tullastraße	0721 66996415	12:00 - 00:00	12:00 - 00:00	12:00 - 00:00	12:00 - 00:00	12:00 - 00:00	17:00 - 23:00	12:00 - 21:00		www.carls-wirtshaus.de	info@carls-wirtshaus.de													Restaurant			03.01.18
!Vegitat Cigköfte & Döner Lieferservice		Moningerstraße 30-32	76135		49.006093	8.383033	S Weinbrennerplatz	0176 30325480	11:30 - 22:30	11:30 - 22:30	11:30 - 22:30	11:30 - 22:30	13:00 - 22:00	-	14:00 - 22:30		www.vegitat-cigkoefte-doener.de								1						Lieferservice			03.01.18
Cilantro Bistro Del Arte		Markgrafenstraße 31	76133	Innenstadt	49.007197	8.406357	Bus Ettlinger Tor  S Marktplatz	0721 966 96 967	-	12:00 - 15:00  19:00 - 23:00	12:00 - 15:00 19:00 - 23:00	12:00 - 15:00 19:00 - 23:00	12:00 - 15:00 19:00 - 23:00	19:00 - 23:00	19:00 - 23:00		www.cilantrobistrodelarte.de	info@CilantroBistrodelArte.de													Restaurant			03.01.18
!!Eis Café Cortina		Kaiserstraße 101	76133		49.009249	8.407814	S Kronenplatz	0721 389579	10:00 - 19:00	10:00 - 19:00	10:00 - 19:00	10:00 - 19:00	10:00 - 19:00	12:00 - 19:00	13:00 - 19:00		eiscortina.com	info@eiscortina.com													Eiscafé			03.01.18
dean&david		Bahnhofsvorplatz 1A	76137		48.994227	8.401040	S Hauptbahnhof	0176 29640892	07:00 - 23:00	07:00 - 23:00	07:00 - 23:00	07:00 - 23:00	07:00 - 23:00	07:00 - 23:00	07:00 - 23:00		www.deananddavid.de	bahnhofsplatz.karlsruhe@deananddavid.com													Restaurant			03.01.18
dean&david		Kaiserstr. 223a	76133		49.009947	8.393299	S Europaplatz	0721 1519331	10:00 - 19:00	10:00 - 19:00	10:00 - 19:00	10:00 - 19:00	10:00 - 19:00	12.00 - 18.00	12.00 - 18.00		www.deananddavid.de	karlsruhe@deananddavid.com													Restaurant			03.01.18
DENKFABRIK Campus Nord		Willy-Andreas-Allee 19	76131		49.017583	8.392283	S Synagoge	0721 92130340	09:00 - 15:00	09:00 - 15:00	09:00 - 24:00	09:00 - 15:00	09:00 - 15:00	-	-		www.denkfabrik-karlsruhe.de	info@sakis-partyservice.de											Gemüsespieß, Gemüseplatte		Restaurant			04.01.18
DENKFABRIK SSC		Am Sportpark 3	76131		49.026262	8.440845	S Hagsfeld Fächerbad	0721 93514138	11:00 - 24:00	11:00 - 24:00	11:00 - 24:00	11:00 - 24:00	11:00 - 24:00	11:00 - 24:00	11:00 - 24:00		www.denkfabrik-karlsruhe.de	info@sakis-partyservice.de													Restaurant			04.01.18
!eatclever Karlsruhe Lieferservice		Moltkestraße 79A	76133		49.014952	8.375300	S St. Klinikum/ Moltkestraße	040 537 99 88 30	11:30 - 22:30	11:30 - 22:30	11:30 - 22:30	11:30 - 22:30	11:30 - 22:30	11:30 - 21:45	11:30 - 22:00		www.eatclever.de								1				Suppen, Salate, Wraps, Curry, Chili sin Carne, Bolognese		Lieferservice			04.01.18
!!Eis Cassata Karlsruhe		Georg-Friedrich-Straße 30	76131		49.008976	8.423480	S Gottesauerplatz	0721 606588	10:00 - 22:00	10:00 - 22:00	10:00 - 22:00	10:00 - 22:00	10:00 - 22:00	10:00 - 22:00	10:00 - 22:00																Eiscafé			04.01.18
Cafe Emaille		Kaiserstraße 142	76133		49.010149	8.395602	S Europaplatz	0721 1510074	08:00 - 01:00	08:00 - 01:00	08:00 - 01:00	08:00 - 01:00	08:00 - 01:00	08:00 - 01:00	08:00 - 01:00		cafeemaille.de												Vegan-Burger		Restaurant (Bar)			04.01.18
Enchilada Karlsruhe		Waldstraße 63	76133		49.008737	8.395529	S Europaplatz	0721 1208885	17:00 - 01:00	17:00 - 01:00	17:00 - 01:00	17:00 - 01:00	17:00 - 02:00	12:00 - 02:00	12:00 - 01:00		karlsruhe.enchilada.de												Ensalada Grillada (Gegrillter Romanasalat | Chiasamen | Tomaten | Essig-Öl-Dressing | Steinofenbaguette), Batatas Fritas (Süßkartoffelpommes), Fajita Mérida (Paprika | Zucchini | Frühlingszwiebeln | Falafel | Weizentortillas | Rucola | Salat | Tomaten | Gurken | Mais | Jalapeños | Karotten | Pico de Gallo | Guacamole | Red Salsa)		Restaurant			04.01.18
Ettli Café		0			0	0																												0
Ettli Café		0			0	0																												0
Ettli Café		0			0	0																												0
!!EXO Karlsruhe		Ettlinger Str. 4c	76137		49.000388	8.402444	Bus Augartenstraße	0721 25515115	11:00 - 17:00	11:00 - 17:00	11:00 - 17:00	11:00 - 17:00	11:00 - 17:00	11:00 - 17:00	10:00 - 17:00		exo-karlsruhe.de	hallo@exo-karlsruhe.de											Zugang nur über den Zoologischen Stadtgarten!!		Restaurant			05.01.18
Falafelhaus		Amalienstraße 51	76133		49.008891	8.391430	S Europaplatz	01577 6017307	11:30 - 14:30, 17:00 - 20:30	11:30 -14:30, 17:00 - 20:30	11:30 -14:30, 17:00 - 20:30	11:30 -14:30, 17:00 - 20:30	11:30 -14:30, 17:00 - 20:30	11:30 -14:30, 17:00 - 20:30	-		www.foodora.de/restaurant/s4ij/falafelhaus														Restaurant			05.01.18
!!Fünf		Kanalweg 52	76149		49.033011	8.392308	Bus Weißes Haus, S Heidehof	0721 97664712	-	18:00 - 01:00	18:00 - 01:00	18:00 - 01:00	18:00 - 01:00	18:00 - 01:00	18:00 - 24:00		www.fuenf.de																	05.01.18
Glashaus  Der vegetarische Imbiss		Holzstraße 5	76135		49.002280	8.382300	Bus Holzstraße	0721 47178458	-	11:30 - 15:00	11:30 - 15:00	11:30 - 15:00	11:30 - 15:00	-	-		www.glashaus-im.biz	jopflueger@web.de											Suppe		Restaurant			05.01.18
!!Restaurant Gold		Ludwig-Wilhelm-Straße 12	76131		49.009339	8.422414	S Karl-Wilhelm-Platz, S Gottesauerplatz	0721 6268238	10:00 - 01:00	10:00 - 01:00	10:00 - 01:00	10:00 - 01:00	10:00 - 01:00	10:00 - 02:00	10:00 - 02:00		www.gold-ka.de	info@gold-ka.de													Restaurant			06.01.18
!!Goldeneshorn		Kaiserallee 111	76133		49.009266	8.407198	S Philippstraße	0721 3523256	0	0	0	0	0	0	0		www.goldeneshorn.com	goldeneshorn@hotmail.de									1				Imbiss			13.01.18
!!Goldzünglein		Zirkel 11	76133		49.010503	8.407265	S Kronenplatz	1573 4437271	-	-	-	-	-	-	-	Ist bis zum 01.04.18 geschlossen	www.goldzuenglein.de	info@goldzuenglein.de						1							Eiscafé			06.01.18
!!Gasthaus Gutenberg		Nelkenstraße 27	76135		49.008780	8.376260	S Yorckstraße, S Sophienstraße	0721 9851516	11:00 - 24:00	11:00 - 24:00	11:00 - 24:00	11:00 - 24:00	11:00 - 24:00	10:00 - 24:00	17:00 - 23:00	Vom Montag bis Samstag ist die Küche bis 22 Uhr geöffnet, Sonntags bis 21:30 Uhr.	www.gasthaus-gutenberg.de	denise@gasthaus-gutenberg.de													Restaurant			06.01.18
Habibi Karlsruhe		Kaiserstraße 65	76131		49.009138	8.411207	S Kronenplatz	0721 38482770	11.00 - 01:00	11.00 - 01:00	11.00 - 01:00	11.00 - 02:00	11.00 - 05:00	11.00 - 05:00	12:00 - 24:00		www.habibi-karlsruhe.de	info@partyservice-habibi-karlsruhe.de						1					Verschiedene Teller mit Falafel, Gemüse, Reis, Kartoffeln, Hummus, Soße,..  Außerdem Sandwiches auch mit Falafel, Kartoffel, Hummus, Salaten und Soße.		Restaurant			06.01.18
Hans im Glück		Karl-Friedrich-Straße 12	76133		49.008022	8.403566	S Marktplatz	0721 86428517	11:30 - 23:00	11:30 - 23:00	11:30 - 23:00	11:30 - 23:00	11:30 - 24:00	11:30 - 24:00	11:30 - 23:00		www.hansimglueck-burgergrill.de	kaiserhof@hansimglueck-burgergrill.de									1		verschiedene Burger		Restaurant			06.01.18
!!Heilige Sophie		Sophienstraße 35	76133		49.006844	8.391291	S Karlstor, S Europaplatz	0721 2039246	17:30 - 24:00	17:30 - 01:00	17:30 - 01:00	17:30 - 01:00	17:30 - 03:00	17:30 - 03:00	17:30 - 00:00		www.heilige-sophie.de	heilige-sophie@web.de									1				Restaurant			12.01.18
!!IL VINO		Kaiserstraße 217	76133		49.009178	8.394424	S Europaplatz	0170 9677766	08:00 - 20:00	08:00 - 20:00	08:00 - 20:00	08:00 - 20:00	08:00 - 20:00	08:00 - 20:00	-																Eiscafé			13.01.18
!!Kaffeebar Isetta		Leibnizstraße 12	76137		48.997300	8.393071	S Kolpingplatz		10:00 - 19:00	10:00 - 19:00	10:00 - 19:00	10:00 - 19:00	10:00 - 19:00	10:00 - 19:00	10:00 - 19:00		www.kaffeebar-isetta.de	info@kaffeebar-isetta.de									1				Café			13.01.18
Café Juli		Nelkenstraße 21	76135		49.00909	8.376406	S Yorckstraße, S Sophienstraße		09:00 -18:30	09:00 - 18:30	09:00 - 18:30	09:00 - 18:30	09:00 - 18:30	07:30 - 18:30	10:00 - 18:00		www.cafe-juli.de	info@cafe-juli.de									1		"Das Süße vegan" (Buchweizenpfannkuchen mit Ahornsirup und Zwetschgenmus), "Das Juli vegan" (Buchweizenpfannkuchen mit Grillgemüse oder Salat)		Café			13.01.18
Kai´s Pizza		Fritz-Erler-Straße 1-3	76133		49.008614	8.410118	S Kronenplatz	0721 373734	11:00 - 14:30, 17:00 - 22:00	11:00 - 14:30, 17:00 - 22:00	11:00 - 14:30, 17:00 - 22:00	11:00 - 14:30, 17:00 - 22:00	11:00 - 14:30, 17:00 - 22:00	11:00 - 22:00	11:00 - 22:00	An Feiertagen: 14:00 - 22:00 geöffnet	www.kais-pizza.com	kai@kais-pizza.de							1		1		Bei Kai´s Pizza gibt es 5 vegane Pizzen. Man kann sich eigene Pizzen zusammenstellen. Es gibt vegane Nudelgerichte, veganes Eis, vegane Frucht Sorbets und vegane Nudel-Gratins. Bestellungen werden über Telefonnummer und online über die Website entgegengenommen.		Restaurant			01.02.18
Krone Mimi & Me		Leopoldstraße 35	76344		49.100404	8.390335	S Leopoldshafen Leopoldstraße	07247 9850025	-	18:00 - 21:30	18:00 - 21:30	18:00 - 21:30	18:00 - 21:30	18:00 - 21:30	11:30 - 14:30, 17:30 - 21:30		www.kronemimi.wordpress.com	krone-mimi@web.de						1			1		Vegane Gerichte: 1. Feldsalat mit zweierlei Birne, Confit Süßkartoffel, Fenchel, eingelegter Blumenkohl, Granatapfel und Cashews    2. Gerösteter Paprika gefüllt mit Gemüse-Quinoa, serviert mit Karotten-Hummus, Chia Samen und Ziegenkäse (! Wird auf Wunsch vegan zubereitet)   3. "Sam’s Pilzrisotto" (! Wird auf Wunsch vegan zubereitet)   4. VEGI Burger: Aubergine, Süßkartoffel, Haloumi, Karotten-Hummus und Sam’s Salat (! Wird auf Wunsch vegan zubereitet)		Restaurant			01.02.18
Laib & Leben 		Parkoffice, Ludwig-Erhard-Allee 20	76137		49.003845	8.420205	S Wolfartsweiererstraße 	0721 50445685	06:00 - 19:00	06:00 - 19:00	06:00 - 19:00	06:00 - 19:00	06:00 - 19:00	07:00 - 18:00	08:00 - 18:00		www.laib-und-leben.de												Veganes Frühstück: 1.  VEGANES FRÜCHTCHEN (Heißgetränk | Pfannkuchen Obst | Alsan | Samba Dark oder Mandelcreme | Brötchenkorb vegan)   2. VEGANER 2.0 NEU (Heißgetränk | Tofu Pesto | Mexico-Dip | Gemüse-Dip | Rohkost | Sojaapfeljoghurt Amaranth | Alsan | d'arbo Marmelade | Brötchenkorb vegan)		Restaurant			01.02.18
!!La Rose		Akademiestraße 32	76133		49.011195	8.395991	S Europaplatz	0721 6698441	11:00 - 22:00	11:00 - 22:00	11:00 - 22:00	11:00 - 22:00	11:00 - 22:00	11:00 - 22:00	12:00 - 20:00												1				Restaurant			01.02.18
liebesBEEF		Gerwigstraße 2	76131		49.009351	8.423867	S Gottesauerplatz/ BGV, S Karl-Wilhelm-Platz	0721 78188988	12:00 - 14:30, 17:00 - 22:00	-	12:00 - 14:30, 17:00 - 22:00	12:00 - 14:30, 17:00 - 22:00	12:00 - 14:30, 17:00 - 22:00	12:00 - 22:00	12:00 - 22:00		www.liebesbeef.de	karlsruhe@liebesbeef.de									1		Hier gibt es vegane Burger. (Kürbisgratling, Falafelbratling)		Restaurant			01.02.18
l'incontro		Leopoldstraße 3	76133		49.009955	8.389861	S Europaplatz	0721 2031440	11:30 - 00:00	11:30 - 00:00	11:30 - 00:00	11:30 - 00:00	11:30 - 00:00	11:30 - 00:00	-		www.lincontro.de	info@lincontro.de									1		Große Auswahl an veganen Speisen. Italienische Gerichte mit Gemüse, Tofu oder Seitan / Verschiedene Salate / verschiedene Pasta und Gnocchi Gerichte / Gerichte mit Reis und Gemüse (Risotto) / Warme Getränke (Kaffee, Heiße Schokolade,...) / Desserts		Restaurant			01.02.18
! (zu wenig?) Le Crobag		Bahnhofplatz 1a	76137		48.993981	8.400544	S Hauptbahnhof Vorplatz	0721 96887411	05:00 - 21:00	05:00 - 21:00	05:00 - 21:00	05:00 - 21:00	05:00 - 21:00	05:00 - 21:00	05:00 - 21:00		www.lecrobag.de												Basilikumtofutomate Baguette, 		Imbiss			01.02.18
Restaurant Marianne’s Flammkuchen		Kriegsstraße 300	76185		49.006512	8.364574	S Kühler Krug	0721 591080	-	17:00 - 23:00	17:00 - 23:00	17:00 - 23:00	17:00 - 00:00	17:00 - 00:00	12:00 - 22:00	An Feiertagen: 12:00 - 22:00 geöffnet	www.mariannes-flammkuchen.de										1		Vegane Flammkuchen (10 verschiedene Sorten) mit veganer Crème. Reservierung notwendig !!nur Donnerstag!!		Restaurant			01.02.18
Restaurant Marianne’s Flammkuchen		Friedrichstaler Straße 8	76351		49.115898	8.430818	S Linkenheim Süd	0724 78887556	-	-	17:00 - 23:30	17:00 - 23:30	17:00 - 23:30	17:00 - 23:30	17:00 - 23:30	An Feiertagen: 17:00 - 23:30 geöffnet	www.mariannes-flammkuchen.de										1		Vegane Flammkuchen (10 verschiedene Sorten) mit veganer Crème. Reservierung notwendig		Restaurant			01.02.18
Mensa am Adenauerring		Adenauerring 7	76131		49.011729	8.416941	Bus Studierendenwerk Karlsruhe, S Durlacher Tor	0721 6909230	11:00 - 14:00 	11:00 - 14:00	11:00 - 14:00	11:00 - 14:00	11:00 - 14:00	-	-		www.sw-ka.de/de/essen												Hat jeden Tag neue vegane Gerichte. Verschiedene Eintöpfe, Pasta,...  !!Preise sind für Nicht-Studenten etwas höher!!		Restaurant			14.02.18
Mint		Lorenzstraße 19	76135		49.001179	8.383663	S ZKM	0721 17451455	-	12:00  - 14:00	09:30 - 18:00	09:30 - 22:00	09:30 - 18:00	14:00 - 18:00	10:30 - 18:00		www.mint-karlsruhe.de	info@mint-karlsruhe.de						1					Die vegane Gerichte wechseln. Auf Wunsch kann mehr vegan zubereitet werden.		Restaurant			14.02.18
! Kurzbeschreibung MoccaSin Coffee		Ritterstraße 6	76133		49.010332	8.401592	S Herrenstraße	0721 9212127	07:00 - 20:00	07:00 - 20:00	07:00 - 20:00	07:00 - 20:00	07:00 - 20:00	09:00 - 20:00	10:00 - 20:00		www.moccasin-coffee.de	office@moccasin-coffee.de									1				Café			14.02.18
!angeblich alles vege auch veg erhältlich Moghul Mahal		Ludwig-Marum-Strasse 1	76185		49.013190	8.374587	S Städt. Klinikum Moltkestraße, S Yorckstraße	0721 848282	18:00 - 22:30	11:30 - 14:30, 18:00 - 22:30	11:30 - 14:30, 18:00 - 22:30	11:30 - 14:30, 18:00 - 22:30	11:30 - 14:30, 18:00 - 22:30	11:30 - 14:30, 18:00 - 22:30	11:30 - 14:30, 18:00 - 22:30		www.moghul-mahal.de										1		Indisches Restaurant. Hat vegetarische Gerichte, welche auch vegan erhältlich sind. 		Restaurant			22.02.18
Mongogo - Afrikanisches Restaurant		Stephanienstraße 2a	76133		49.012738	8.398030	Bus Linkenheimer Tor, S Europaplatz	0721 1208000	-	12:00 - 14:30, 18:00 - 23:00	12:00 - 14:30, 18:00 - 23:00	12:00 - 14:30, 18:00 - 23:00	12:00 - 14:30, 18:00 - 23:00	12:00 - 14:30, 18:00 - 23:00	12:00 - 14:30, 18:00 - 23:00		www.restaurant-mogogo.de	info@restaurant-mogogo.de									1		Hat vegane afrikanische Gerichte mit Couscous, Gemüse, Reis und Okra-Schoten.		Restaurant			22.02.18
Oktave Restaurant		Ludwig-Wilhelm-Straße 3	76133		49.009412	8.420354	S Durlacher Tor	0721 66050207	17:00 - 01:00	17:00 - 01:00	17:00 - 01:00	17:00 - 01:00	17:00 - 02:00	17:00 - 02:00	13:00 - 00:00		www.oktave-karlsruhe.de										1		Veganer Vorspeiseteller, veganes Pastagericht, "Warme vegane Platte", gebratenes Gemüse mit rot/grün-Curry-Cocos und Reis		Restaurant			22.02.18
Café Palaver		Steinstraße 23	76133		49.006999	8.407280	S Rüppurrer Tor, Bus	0721 377647	09:00 - 19:00	09:00 - 19:00	09:00 - 19:00	09:00 - 19:00	09:00 - 19:00	09:00 - 19:00	09:00 - 19:00		www.cafepalaver.de												Jeden Tag mindestens eine vegane Speise		Restaurant, Café			22.02.18
Café Pan		Innenhof Kaiserstraße 50	76133		49.009828	8.406981	S Marktplatz, S Kronenplatz	0721 3505858	10:00 - 19:00	10:00 - 19:00	10:00 - 19:00	10:00 - 19:00	10:00 - 19:00	12:00 - 17:00	-	Feiertags geschlossen	www.cafepan.de												Bietet Crêpes mit veganem Teig aus Bio-Vollkorn-Buchweizen. Fast alle Crêpes sind vegan erhältlich.		Café			22.02.18
Purino Restaurant		Am Schloss Gottesaue 4	76131		49.003414	8.426392	S Schloss Gottesaue	0721 91438300	11:30 - 23:00	11:30 - 23:00	11:30 - 23:00	11:30 - 23:00	11:30 - 00:00	09:30 - 00:00	09:30 - 23:00		https://www.purino.de/speisekarten/speisekarte/karlsruhe.html	karlsruhe@purino.de											Vegane Suppe, Knoblauchbrot, Salat und Pastagerichte		Restaurant			22.02.18
!vegan nicht deklariert  Sangam - indisches Restaurant		Breite Straße 98	76135		48.992734	8.385361	Bus Breite Straße	0721 95783361	-	11:00 - 14:30, 17:00 - 23:00	11:00 - 14:30, 17:00 - 23:00	11:00 - 14:30, 17:00 - 23:00	11:00 - 14:30, 17:00 - 23:00	17:00 - 23:00	11:00 - 14:30, 17:00 - 23:00		www.restaurantsangam.de	info@restaurantsangam.de											Einige vegetarische Gerichte sind auch in vegan verfügbar.		Restaurant			22.02.18
!angeblich noch viel mehr Schatztruhe Restaurant		Kaiserstraße 80	76133		49.009768	8.403292	S Marktplatz	0721 66976448	11:30 - 19:00	11:30 - 19:00	11:30 - 19:00	11:30 - 19:00	11:30 - 19:00	11:30 - 19:00	-		www.schmatztruhe.com	info@schmatztruhe.com							1				Yellow Thai Curry Bowl und zwei Desserts sind vegan		Restaurant			22.02.18
Restaurant Schoko		Hauptstraße 53	76287		48.974614	8.315966	S Forchheim Hauptstraße	0721 510535	11:30 - 14:30, 17:30 - 23:00	-	11:30 - 14:30, 17:30 - 23:00	11:30 - 14:30, 17:30 - 23:00	11:30 - 14:30, 17:30 - 23:00	17:30 - 23:00	11:30 - 14:30, 17:30 - 23:00		www.restaurantschoko.de										1		Ricotta-Spinat-Ravioli, Gemüsepfanne, Rösti mit Gemüse - jedes Gericht kostet über 14 Euro		Restaurant			22.02.18
Stefansbäck Bäcker		Südendstraße 47	76137		48.998547	8.386409	S ZKM	0721 56876168	06:00 - 18:00	06:00 - 18:00	06:00 - 18:00	06:00 - 18:00	06:00 - 18:00	07:00 - 13:00	-		http://www.stefansbaeck.de/backwaren/produkttypen/vegan												Apfeltasche, Rosinenschnecke, Brezel und viele weitere vegane Produkte		Bäcker			24.02.18
Stefansbäck Bäcker		Werderstraße 40 - 44	76137		49.001383	8.407040	S Werderstraße, Bus Kongresszentrum	0721 97903740	06:30 - 18:30	06:30 - 18:30	06:30 - 18:30	06:30 - 18:30	06:30 - 18:30	07:00 - 14:00	08:30 - 11:30		http://www.stefansbaeck.de/backwaren/produkttypen/vegan												Apfeltasche, Rosinenschnecke, Brezel und viele weitere vegane Produkte		Bäcker			24.02.18
Stövchen 		Waldstraße 54	76133		49.007345	8.392772	S Europaplatz	0721 29241	09:00 - 01:00	09:00 - 01:00	09:00 - 01:00	09:00 - 01:00	09:00 - 03:00	09:00 - 03:00	09:00 - 01:00		www.stoevchen.com	mail@stoevchen.com									1		Pestokartoffeln mit Salat, Griechischer Salat, Dipteller, Chili sin Carne, und Gemüseschnitzel mit Salat sind vegan.		Restaurant			24.02.18
!Sushi Circle		Erbprinzenstraße 4 - 12	76133		49.007490	8.402539	S Herrenstraße	0721 1305710	12:00 - 22:30	12:00 - 22:30	12:00 - 22:30	12:00 - 22:30	12:00 - 22:30	12:00 - 22:30	11:00 - 22:00		www.sushi-circle.de										1		(Vegan-Box)		Restaurant			24.02.18
!Sushi.Wrap		Bahnhofplatz 1	76137		48.993287	8.400833	S Hauptbahnhof, Bus Hauptbahnhof		09:00 - 22:00	09:00 - 22:00	09:00 - 22:00	09:00 - 22:00	09:00 - 22:00	10:00 - 22:00	10:00 - 22:00		www.sushi-wrap.de	office@sushi-wrap.de											Maki, Box, Rollen		Imbiss			24.02.18
!Café TanteEmma		Am Stadtgarten 11	76137		48.995729	8.402614	S Poststraße	0721 93388144	-	10:00 - 18:00	10:00 - 18:00	10:00 - 18:00	10:00 - 18:00	10:00 - 18:00	10:00 - 18:00		www.tanteemma-karlsruhe.de	tanteemma.karlsruhe@web.de											veganes Frühstück (ich glaube noch mehr)		Café			24.02.18
Thali indisches Restaurant		Ettlinger Straße 29	76137		48.998642	8.404084	Bus Augartenstraße	0721 14571820	-	-	-	-	18:00 - 00:00	18:00 - 00:00	-		www.das-thali.de	info@das-thali.de									1		Thalis werden auch vegan angeboten		Restaurant			24.02.18
Vapiano italienisches Restaurant		Karlstrasse 11	76133		49.010931	8.395319	S Europaplatz	0721 95788480	11:00 - 23:30	11:00 - 23:30	11:00 - 23:30	11:00 - 23:30	11:00 - 00:30	11:00 - 00:30	11:00 - 23:30		de.vapiano.com	karlsruhe1@vapiano.de									1		Bruschetta, Tomatensuppe, Salat, Pastagerichte und Sorbet vegan		Restaurant			24.02.18
Viva		Lammstraße 7a	76133		49.008564	8.402291	S Marktplatz, S Herrenstraße	0721 23293	11:00 - 20:00	11:00 - 20:00	11:00 - 20:00	11:00 - 20:00	11:00 - 20:00	11:00 - 19:00	-	Samstag:  Mai - Sept 11:00 - 17:00 Uhr ; Okt - April 11:00 - 19:00	www.viva-restaurant.de	info@restaurant-viva.de									1		Hat jeden Tag neue vegane Gerichte		Restaurant			24.02.18
!!Yangda chinesisches Restaurant		Passagehof 28	76133		49.010679	8.396178	S Europaplatz	0721 82107613	-	11:30 - 15:00, 17:00 - 23:00	11:30 - 15:00, 17:00 - 23:00	11:30 - 15:00, 17:00 - 23:00	11:30 - 15:00, 17:00 - 23:00	11:30 - 15:00, 17:00 - 23:00	11:30 - 15:00, 17:00 - 23:00														!alles nochmal prüfen!		Restaurant			24.02.18